column,dtype,missing_count,missing_pct,unique_count,is_constant,mean,std,min,max
Attribute 1,float64,6,0.38,1520,False,3014.4529,73.6218,2743.24,3356.35
Attribute 2,float64,7,0.45,1504,False,2495.8502,80.4077,2158.75,2846.44
Attribute 3,float64,14,0.89,507,False,2200.5473,29.5132,2060.66,2315.2667
Attribute 4,float64,14,0.89,518,False,1396.3766,441.6916,0.0,3715.0417
Attribute 5,float64,14,0.89,503,False,4.197,56.3555,0.6815,1114.5366
Attribute 6,float64,14,0.89,1,True,100.0,0.0,100.0,100.0
Attribute 7,float64,14,0.89,510,False,101.1129,6.2372,82.1311,129.2522
Attribute 8,float64,9,0.57,89,False,0.1218,0.009,0.0,0.1286
Attribute 9,float64,2,0.13,1208,False,1.4629,0.0739,1.191,1.6564
Attribute 10,float64,2,0.13,568,False,-0.0008,0.0151,-0.0534,0.0749
Attribute 11,float64,2,0.13,392,False,0.0001,0.0093,-0.0349,0.053
Attribute 12,float64,2,0.13,378,False,0.9644,0.0125,0.6554,0.9848
Attribute 13,float64,2,0.13,1547,False,199.9568,3.2573,182.094,272.0451
Attribute 14,float64,3,0.19,1,True,0.0,0.0,0.0,0.0
Attribute 15,float64,3,0.19,1555,False,9.0054,2.7966,2.2493,19.5465
Attribute 16,float64,3,0.19,1561,False,413.086,17.2211,333.4486,824.9271
Attribute 17,float64,3,0.19,1477,False,9.9076,2.4039,4.4696,102.8677
Attribute 18,float64,3,0.19,281,False,0.9714,0.0121,0.5794,0.9848
Attribute 19,float64,3,0.19,1548,False,190.0474,2.781,169.1774,215.5977
Attribute 20,float64,10,0.64,361,False,12.481,0.218,9.8773,12.9898
Attribute 21,float64,0,0.0,552,False,1.4051,0.0167,1.1797,1.4534
Attribute 22,float64,2,0.13,1295,False,-5618.3936,626.8222,-7150.25,0.0
Attribute 23,float64,2,0.13,1176,False,2699.3784,295.4985,0.0,3656.25
Attribute 24,float64,2,0.13,1480,False,-3806.2997,1380.1621,-9986.75,2363.0
Attribute 25,float64,2,0.13,1494,False,-298.5981,2902.6901,-14804.5,14106.0
Attribute 26,float64,2,0.13,704,False,1.2038,0.1776,0.0,1.3828
Attribute 27,float64,2,0.13,624,False,1.9385,0.1895,0.0,2.0528
Attribute 28,float64,2,0.13,1148,False,6.6386,1.2442,0.0,7.6588
Attribute 29,float64,2,0.13,869,False,69.4995,3.4612,59.4,77.9
Attribute 30,float64,2,0.13,188,False,2.3662,0.4087,0.6667,3.5111
Attribute 31,float64,2,0.13,842,False,0.1842,0.0329,0.0341,0.2851
Attribute 32,float64,2,0.13,1275,False,3.6732,0.5353,2.0698,4.8044
Attribute 33,float64,1,0.06,338,False,85.3375,2.0265,83.1829,105.6038
Attribute 34,float64,1,0.06,330,False,8.9603,1.3445,7.6032,23.3453
Attribute 35,float64,1,0.06,329,False,50.5826,1.1826,49.8348,59.7711
Attribute 36,float64,1,0.06,331,False,64.5558,2.5747,63.6774,94.2641
Attribute 37,float64,1,0.06,330,False,49.4174,1.1826,40.2289,50.1652
Attribute 38,float64,1,0.06,325,False,66.2213,0.3041,64.9193,67.9586
Attribute 39,float64,1,0.06,329,False,86.8366,0.4468,84.7327,88.4188
Attribute 40,float64,1,0.06,333,False,118.6796,1.8072,111.7128,133.3898
Attribute 41,float64,24,1.53,291,False,67.9049,24.0629,1.434,86.12
Attribute 42,float64,24,1.53,315,False,3.3531,2.3604,-0.0759,37.88
Attribute 43,float64,1,0.06,1,True,70.0,0.0,70.0,70.0
Attribute 44,float64,1,0.06,1523,False,355.5389,6.2347,342.7545,377.2973
Attribute 45,float64,1,0.06,1376,False,10.0312,0.175,9.464,11.053
Attribute 46,float64,1,0.06,1520,False,136.7431,7.8492,108.8464,176.3136
Attribute 47,float64,1,0.06,1562,False,733.6728,12.1703,699.8139,789.7523
Attribute 48,float64,1,0.06,1341,False,1.178,0.1896,0.4967,1.5111
Attribute 49,float64,1,0.06,1486,False,139.9722,4.5243,125.7982,163.2509
Attribute 50,float64,1,0.06,1,True,1.0,0.0,1.0,1.0
Attribute 51,float64,1,0.06,1520,False,632.2542,8.644,607.3927,667.7418
Attribute 52,float64,1,0.06,1562,False,157.421,60.9251,40.2614,258.5432
Attribute 53,float64,1,0.06,1,True,0.0,0.0,0.0,0.0
Attribute 54,float64,4,0.26,153,False,4.593,0.0549,3.706,4.764
Attribute 55,float64,4,0.26,169,False,4.8385,0.0596,3.932,5.011
Attribute 56,float64,4,0.26,107,False,2856.1721,25.7493,2801.0,2936.0
Attribute 57,float64,4,0.26,187,False,0.9288,0.0068,0.8755,0.9378
Attribute 58,float64,4,0.26,159,False,0.9492,0.0042,0.9319,0.9598
Attribute 59,float64,4,0.26,382,False,4.5933,0.0851,4.2199,4.8475
Attribute 60,float64,7,0.45,1500,False,2.9602,9.5322,-28.9882,168.1455
Attribute 61,float64,6,0.38,1498,False,355.1591,6.0279,324.7145,373.8664
Attribute 62,float64,6,0.38,1418,False,10.4231,0.2749,9.4611,11.7849
Attribute 63,float64,6,0.38,1518,False,116.5023,8.629,81.49,287.1509
Attribute 64,float64,7,0.45,1534,False,13.9899,7.1199,1.6591,188.0923
Attribute 65,float64,7,0.45,1496,False,20.5421,4.9775,6.4482,48.9882
Attribute 66,float64,7,0.45,1550,False,27.1318,7.1217,4.308,118.0836
Attribute 67,float64,6,0.38,1559,False,706.6685,11.6231,632.4226,770.6084
Attribute 68,float64,6,0.38,1306,False,16.7154,307.5023,0.4137,7272.8283
Attribute 69,float64,6,0.38,1479,False,147.4376,4.2401,87.0255,167.8309
Attribute 70,float64,6,0.38,1,True,1.0,0.0,1.0,1.0
Attribute 71,float64,6,0.38,1533,False,619.1017,9.5392,581.7773,722.6018
Attribute 72,float64,6,0.38,1557,False,104.329,31.6519,21.4332,238.4775
Attribute 73,float64,794,50.67,773,False,150.3616,18.3885,-59.4777,175.4132
Attribute 74,float64,794,50.67,770,False,468.0204,17.6299,456.0447,692.4256
Attribute 75,float64,6,0.38,2,False,0.0027,0.1062,0.0,4.1955
Attribute 76,float64,24,1.53,675,False,-0.0069,0.0223,-0.1049,0.2315
Attribute 77,float64,24,1.53,891,False,-0.0294,0.0332,-0.1862,0.0723
Attribute 78,float64,24,1.53,842,False,-0.007,0.0314,-0.1046,0.1331
Attribute 79,float64,24,1.53,995,False,-0.0136,0.0479,-0.3482,0.2492
Attribute 80,float64,24,1.53,691,False,0.0035,0.0231,-0.0568,0.1013
Attribute 81,float64,24,1.53,922,False,-0.0185,0.0492,-0.1437,0.1186
Attribute 82,float64,24,1.53,580,False,-0.0212,0.017,-0.0982,0.0584
Attribute 83,float64,24,1.53,888,False,0.0061,0.0361,-0.2129,0.1437
Attribute 84,float64,1,0.06,1506,False,7.4521,0.5163,5.8257,8.9904
Attribute 85,float64,12,0.77,180,False,0.1331,0.0051,0.1174,0.1505
Attribute 86,float64,1341,85.58,97,False,0.1128,0.0029,0.1053,0.1184
Attribute 87,float64,0,0.0,472,False,2.4019,0.0373,2.2425,2.5555
Attribute 88,float64,0,0.0,249,False,0.9824,0.0128,0.7749,0.9935
Attribute 89,float64,0,0.0,973,False,1807.815,53.5373,1627.4714,2105.1823
Attribute 90,float64,51,3.25,650,False,0.1887,0.0524,0.1113,1.4727
Attribute 91,float64,51,3.25,1513,False,8827.5369,396.3137,7397.31,10746.6
Attribute 92,float64,6,0.38,1191,False,0.0024,0.0877,-0.357,0.3627
Attribute 93,float64,2,0.13,180,False,0.0005,0.0032,-0.0126,0.0281
Attribute 94,float64,2,0.13,174,False,-0.0005,0.003,-0.0171,0.0133
Attribute 95,float64,6,0.38,22,False,-0.0,0.0002,-0.002,0.0011
Attribute 96,float64,6,0.38,14,False,0.0001,0.0001,-0.0009,0.0009
Attribute 97,float64,6,0.38,1333,False,0.0171,0.2196,-1.4803,2.5093
Attribute 98,float64,6,0.38,1,True,0.0,0.0,0.0,0.0
Attribute 99,float64,6,0.38,1420,False,-0.0181,0.4271,-5.2717,2.5698
Attribute 100,float64,6,0.38,272,False,0.0015,0.0627,-0.5283,0.8854
Attribute 101,float64,6,0.38,35,False,-0.0,0.0004,-0.003,0.0023
Attribute 102,float64,6,0.38,29,False,-0.0,0.0002,-0.0024,0.0017
Attribute 103,float64,6,0.38,1066,False,0.0011,0.063,-0.5353,0.2979
Attribute 104,float64,2,0.13,153,False,-0.0098,0.0031,-0.0329,0.0203
Attribute 105,float64,2,0.13,55,False,-0.0,0.0009,-0.0119,0.0071
Attribute 106,float64,6,0.38,177,False,-0.0005,0.0032,-0.0281,0.0127
Attribute 107,float64,6,0.38,180,False,0.0005,0.003,-0.0133,0.0172
Attribute 108,float64,6,0.38,1159,False,-0.0018,0.0875,-0.5226,0.4856
Attribute 109,float64,6,0.38,1183,False,-0.0108,0.0868,-0.3454,0.3938
Attribute 110,float64,1018,64.96,96,False,0.98,0.0087,0.7848,0.9842
Attribute 111,float64,1018,64.96,546,False,101.3183,1.8801,88.1938,106.9227
Attribute 112,float64,1018,64.96,545,False,231.8189,2.1053,213.0083,236.9546
Attribute 113,float64,715,45.63,249,False,0.4575,0.0489,0.0,0.4885
Attribute 114,float64,0,0.0,468,False,0.9454,0.0121,0.8534,0.9763
Attribute 115,float64,0,0.0,20,False,0.0001,0.0017,0.0,0.0414
Attribute 116,float64,0,0.0,1567,False,747.3838,48.9492,544.0254,924.5318
Attribute 117,float64,0,0.0,136,False,0.9871,0.0095,0.89,0.9924
Attribute 118,float64,0,0.0,1527,False,58.6259,6.4852,52.8068,311.7344
Attribute 119,float64,24,1.53,328,False,0.5984,0.0081,0.5274,0.6245
Attribute 120,float64,0,0.0,249,False,0.9708,0.0089,0.8411,0.9827
Attribute 121,float64,0,0.0,1269,False,6.3109,0.1243,5.1259,7.522
Attribute 122,float64,9,0.57,54,False,15.7964,0.0996,15.46,16.07
Attribute 123,float64,9,0.57,309,False,3.8984,0.9041,1.671,6.889
Attribute 124,float64,9,0.57,50,False,15.8297,0.1083,15.17,16.1
Attribute 125,float64,9,0.57,59,False,15.7947,0.1141,15.43,16.1
Attribute 126,float64,9,0.57,155,False,1.185,0.2806,0.3122,2.465
Attribute 127,float64,9,0.57,273,False,2.7507,0.2535,2.34,3.991
Attribute 128,float64,9,0.57,324,False,0.6485,0.1354,0.3161,1.175
Attribute 129,float64,9,0.57,268,False,3.1922,0.2642,0.0,3.895
Attribute 130,float64,9,0.57,93,False,-0.5542,1.2205,-3.779,2.458
Attribute 131,float64,9,0.57,310,False,0.745,0.0825,0.4199,0.8884
Attribute 132,float64,9,0.57,68,False,0.9978,0.0023,0.9936,1.019
Attribute 133,float64,8,0.51,306,False,2.3185,0.0532,2.1911,2.4723
Attribute 134,float64,8,0.51,336,False,1004.0431,6.5377,980.451,1020.9944
Attribute 135,float64,8,0.51,335,False,39.392,2.9905,33.3658,64.1287
Attribute 136,float64,5,0.32,134,False,117.9609,57.5446,58.0,994.0
Attribute 137,float64,6,0.38,1089,False,138.1947,53.9098,36.1,295.8
Attribute 138,float64,7,0.45,1059,False,122.6929,52.253,19.2,334.7
Attribute 139,float64,14,0.89,348,False,57.603,12.3454,19.8,141.7998
Attribute 140,float64,14,0.89,518,False,416.767,263.3006,0.0,1770.6909
Attribute 141,float64,14,0.89,498,False,26.0779,506.9221,0.0319,9998.8944
Attribute 142,float64,14,0.89,1,True,0.0,0.0,0.0,0.0
Attribute 143,float64,14,0.89,374,False,6.6416,3.5523,1.74,103.39
Attribute 144,float64,9,0.57,63,False,0.0042,0.0013,0.0,0.0121
Attribute 145,float64,2,0.13,961,False,0.12,0.0613,0.0324,0.6253
Attribute 146,float64,2,0.13,656,False,0.0636,0.0265,0.0214,0.2507
Attribute 147,float64,2,0.13,579,False,0.055,0.0218,0.0227,0.2479
Attribute 148,float64,2,0.13,294,False,0.0174,0.0271,0.0043,0.9783
Attribute 149,float64,2,0.13,1551,False,8.4713,18.7406,1.4208,742.9421
Attribute 150,float64,3,0.19,1,True,0.0,0.0,0.0,0.0
Attribute 151,float64,3,0.19,1443,False,6.8143,3.2418,1.337,22.318
Attribute 152,float64,3,0.19,1498,False,14.0474,31.0025,2.02,536.564
Attribute 153,float64,3,0.19,1394,False,1.1967,23.3641,0.1544,924.378
Attribute 154,float64,3,0.19,219,False,0.0119,0.0093,0.0036,0.2389
Attribute 155,float64,3,0.19,1551,False,7.698,5.2392,1.2438,191.5478
Attribute 156,float64,10,0.64,65,False,0.5072,1.1224,0.14,12.71
Attribute 157,float64,0,0.0,722,False,0.0581,0.0792,0.0111,2.2016
Attribute 158,float64,1429,91.19,128,False,0.0471,0.0395,0.0118,0.2876
Attribute 159,float64,1429,91.19,138,False,1039.6507,406.8488,234.0996,2505.2998
Attribute 160,float64,2,0.13,954,False,882.6805,983.043,0.0,7791.0
Attribute 161,float64,2,0.13,744,False,555.3463,574.8086,0.0,4170.0
Attribute 162,float64,2,0.13,1411,False,4066.8505,4239.2451,0.0,37943.0
Attribute 163,float64,2,0.13,1325,False,4797.1546,6553.5693,0.0,36871.0
Attribute 164,float64,2,0.13,260,False,0.1402,0.122,0.0,0.957
Attribute 165,float64,2,0.13,219,False,0.1279,0.2425,0.0,1.817
Attribute 166,float64,2,0.13,404,False,0.252,0.4073,0.0,3.286
Attribute 167,float64,2,0.13,62,False,2.7889,1.1198,0.8,21.1
Attribute 168,float64,2,0.13,31,False,1.2358,0.6328,0.3,16.3
Attribute 169,float64,2,0.13,207,False,0.1244,0.0476,0.033,0.725
Attribute 170,float64,2,0.13,652,False,0.4005,0.1979,0.046,1.143
Attribute 171,float64,1,0.06,331,False,0.6843,0.1575,0.2979,1.153
Attribute 172,float64,1,0.06,306,False,0.1201,0.0608,0.0089,0.494
Attribute 173,float64,1,0.06,307,False,0.3201,0.0712,0.1287,0.5484
Attribute 174,float64,1,0.06,319,False,0.5762,0.0957,0.2538,0.8643
Attribute 175,float64,1,0.06,308,False,0.3201,0.0712,0.1287,0.5484
Attribute 176,float64,1,0.06,327,False,0.778,0.1163,0.4616,1.172
Attribute 177,float64,1,0.06,319,False,0.2447,0.0749,0.0735,0.4411
Attribute 178,float64,1,0.06,250,False,0.3948,0.2829,0.047,1.858
Attribute 179,float64,24,1.53,1,True,0.0,0.0,0.0,0.0
Attribute 180,float64,1,0.06,1,True,0.0,0.0,0.0,0.0
Attribute 181,float64,1,0.06,890,False,19.0133,3.3116,9.4,48.67
Attribute 182,float64,1,0.06,687,False,0.5468,0.2244,0.093,3.573
Attribute 183,float64,1,0.06,905,False,10.7805,4.1641,3.17,55.0
Attribute 184,float64,1,0.06,1508,False,26.6612,6.8361,5.014,72.947
Attribute 185,float64,1,0.06,1054,False,0.1448,0.1102,0.0297,3.2283
Attribute 186,float64,1,0.06,739,False,7.3657,7.1887,1.94,267.91
Attribute 187,float64,1,0.06,1,True,0.0,0.0,0.0,0.0
Attribute 188,float64,1,0.06,1015,False,17.9363,8.6099,6.22,307.93
Attribute 189,float64,1,0.06,1550,False,43.2114,21.7119,6.613,191.83
Attribute 190,float64,1,0.06,1,True,0.0,0.0,0.0,0.0
Attribute 191,float64,4,0.26,1,True,0.0,0.0,0.0,0.0
Attribute 192,float64,4,0.26,1,True,0.0,0.0,0.0,0.0
Attribute 193,float64,4,0.26,1,True,0.0,0.0,0.0,0.0
Attribute 194,float64,4,0.26,1,True,0.0,0.0,0.0,0.0
Attribute 195,float64,4,0.26,1,True,0.0,0.0,0.0,0.0
Attribute 196,float64,4,0.26,206,False,0.2871,0.3952,0.08,4.838
Attribute 197,float64,7,0.45,867,False,8.6885,15.7209,1.75,396.11
Attribute 198,float64,6,0.38,898,False,20.0927,10.5522,9.22,252.87
Attribute 199,float64,6,0.38,773,False,0.5574,0.5377,0.09,10.017
Attribute 200,float64,6,0.38,920,False,11.5321,16.4456,2.77,390.12
Attribute 201,float64,7,0.45,1008,False,17.6002,8.6907,3.21,199.62
Attribute 202,float64,7,0.45,861,False,7.8394,5.1045,0.0,126.53
Attribute 203,float64,7,0.45,1470,False,10.1705,14.6229,0.0,490.561
Attribute 204,float64,6,0.38,1501,False,30.0731,17.4618,7.728,500.349
Attribute 205,float64,6,0.38,1210,False,32.2182,565.1012,0.0429,9998.4483
Attribute 206,float64,6,0.38,841,False,9.0501,11.5411,2.3,320.05
Attribute 207,float64,6,0.38,2,False,0.0013,0.0506,0.0,2.0
Attribute 208,float64,6,0.38,1046,False,20.3762,17.4976,4.01,457.65
Attribute 209,float64,6,0.38,1549,False,73.2643,28.0671,5.359,172.349
Attribute 210,float64,6,0.38,2,False,0.0296,1.1681,0.0,46.15
Attribute 211,float64,24,1.53,798,False,0.0889,0.0421,0.0319,0.5164
Attribute 212,float64,24,1.53,653,False,0.0568,0.025,0.0022,0.3227
Attribute 213,float64,24,1.53,681,False,0.0514,0.0316,0.0071,0.5941
Attribute 214,float64,24,1.53,810,False,0.0603,0.053,0.0037,1.2837
Attribute 215,float64,24,1.53,803,False,0.0833,0.0565,0.0193,0.7615
Attribute 216,float64,24,1.53,823,False,0.0811,0.0304,0.0059,0.3429
Attribute 217,float64,24,1.53,728,False,0.0835,0.0258,0.0097,0.2828
Attribute 218,float64,24,1.53,836,False,0.0716,0.0463,0.0079,0.6744
Attribute 219,float64,1,0.06,1539,False,3.7715,1.1704,1.034,8.8015
Attribute 220,float64,12,0.77,64,False,0.0033,0.0016,0.0007,0.0163
Attribute 221,float64,1341,85.58,69,False,0.0092,0.002,0.0057,0.024
Attribute 222,float64,0,0.0,408,False,0.0607,0.0233,0.02,0.2305
Attribute 223,float64,0,0.0,178,False,0.0088,0.0559,0.0003,0.9911
Attribute 224,float64,0,0.0,973,False,122.8466,55.156,32.2637,1768.8802
Attribute 225,float64,51,3.25,720,False,0.0594,0.0712,0.0093,1.4361
Attribute 226,float64,51,3.25,1472,False,1041.0566,433.1701,168.7998,3601.2998
Attribute 227,float64,6,0.38,1,True,0.0,0.0,0.0,0.0
Attribute 228,float64,2,0.13,329,False,0.0191,0.0108,0.0062,0.1541
Attribute 229,float64,2,0.13,292,False,0.0178,0.0107,0.0072,0.2133
Attribute 230,float64,6,0.38,1,True,0.0,0.0,0.0,0.0
Attribute 231,float64,6,0.38,1,True,0.0,0.0,0.0,0.0
Attribute 232,float64,6,0.38,1,True,0.0,0.0,0.0,0.0
Attribute 233,float64,6,0.38,1,True,0.0,0.0,0.0,0.0
Attribute 234,float64,6,0.38,1,True,0.0,0.0,0.0,0.0
Attribute 235,float64,6,0.38,1,True,0.0,0.0,0.0,0.0
Attribute 236,float64,6,0.38,1,True,0.0,0.0,0.0,0.0
Attribute 237,float64,6,0.38,1,True,0.0,0.0,0.0,0.0
Attribute 238,float64,6,0.38,1,True,0.0,0.0,0.0,0.0
Attribute 239,float64,2,0.13,93,False,0.0048,0.0017,0.0013,0.0244
Attribute 240,float64,2,0.13,80,False,0.0046,0.0014,0.0014,0.0236
Attribute 241,float64,6,0.38,1,True,0.0,0.0,0.0,0.0
Attribute 242,float64,6,0.38,1,True,0.0,0.0,0.0,0.0
Attribute 243,float64,6,0.38,1,True,0.0,0.0,0.0,0.0
Attribute 244,float64,6,0.38,1,True,0.0,0.0,0.0,0.0
Attribute 245,float64,1018,64.96,66,False,0.0058,0.0846,0.0003,1.9844
Attribute 246,float64,1018,64.96,539,False,1.7297,4.3356,0.2914,99.9022
Attribute 247,float64,1018,64.96,547,False,4.1487,10.0451,1.1022,237.1837
Attribute 248,float64,715,45.63,490,False,0.0534,0.0669,0.0,0.4914
Attribute 249,float64,0,0.0,426,False,0.0252,0.0492,0.003,0.9732
Attribute 250,float64,0,0.0,23,False,0.0011,0.0158,0.0,0.4138
Attribute 251,float64,0,0.0,1566,False,109.651,54.5973,21.0107,1119.7042
Attribute 252,float64,0,0.0,143,False,0.0043,0.0375,0.0003,0.9909
Attribute 253,float64,0,0.0,1533,False,4.6451,64.3548,0.7673,2549.9885
Attribute 254,float64,24,1.53,442,False,0.0332,0.0224,0.0094,0.4517
Attribute 255,float64,0,0.0,291,False,0.0139,0.0091,0.0017,0.0787
Attribute 256,float64,0,0.0,1317,False,0.4038,0.1203,0.1269,0.9255
Attribute 257,float64,9,0.57,1,True,0.0,0.0,0.0,0.0
Attribute 258,float64,9,0.57,1,True,0.0,0.0,0.0,0.0
Attribute 259,float64,9,0.57,1,True,0.0,0.0,0.0,0.0
Attribute 260,float64,9,0.57,1,True,0.0,0.0,0.0,0.0
Attribute 261,float64,9,0.57,1,True,0.0,0.0,0.0,0.0
Attribute 262,float64,9,0.57,1,True,0.0,0.0,0.0,0.0
Attribute 263,float64,9,0.57,1,True,0.0,0.0,0.0,0.0
Attribute 264,float64,9,0.57,1,True,0.0,0.0,0.0,0.0
Attribute 265,float64,9,0.57,1,True,0.0,0.0,0.0,0.0
Attribute 266,float64,9,0.57,1,True,0.0,0.0,0.0,0.0
Attribute 267,float64,9,0.57,1,True,0.0,0.0,0.0,0.0
Attribute 268,float64,8,0.51,291,False,0.0706,0.0296,0.0198,0.1578
Attribute 269,float64,8,0.51,333,False,19.5047,7.3444,6.098,40.855
Attribute 270,float64,8,0.51,330,False,3.7779,1.1523,1.3017,10.1529
Attribute 271,float64,5,0.32,599,False,29.2603,8.402,15.5471,158.526
Attribute 272,float64,6,0.38,1559,False,46.0566,17.8664,10.4015,132.6479
Attribute 273,float64,7,0.45,1557,False,41.2981,17.7375,6.9431,122.1174
Attribute 274,float64,14,0.89,518,False,20.1812,3.8305,8.6512,43.5737
Attribute 275,float64,14,0.89,518,False,136.2924,85.6078,0.0,659.1696
Attribute 276,float64,14,0.89,458,False,8.6932,168.9494,0.0111,3332.5964
Attribute 277,float64,14,0.89,1,True,0.0,0.0,0.0,0.0
Attribute 278,float64,14,0.89,512,False,2.2107,1.1964,0.5615,32.1709
Attribute 279,float64,9,0.57,22,False,0.0011,0.0003,0.0,0.0034
Attribute 280,float64,2,0.13,541,False,0.0411,0.0203,0.0107,0.1884
Attribute 281,float64,2,0.13,246,False,0.018,0.0065,0.0073,0.0755
Attribute 282,float64,2,0.13,227,False,0.0151,0.0055,0.0069,0.0597
Attribute 283,float64,2,0.13,114,False,0.0058,0.0086,0.0016,0.3083
Attribute 284,float64,2,0.13,1515,False,2.804,5.8643,0.505,232.8049
Attribute 285,float64,3,0.19,1,True,0.0,0.0,0.0,0.0
Attribute 286,float64,3,0.19,1527,False,2.1198,0.9629,0.4611,6.8698
Attribute 287,float64,3,0.19,1540,False,4.26,9.7638,0.728,207.0161
Attribute 288,float64,3,0.19,1076,False,0.3675,7.3863,0.0513,292.2274
Attribute 289,float64,3,0.19,87,False,0.0039,0.0029,0.0012,0.0749
Attribute 290,float64,3,0.19,1522,False,2.5786,1.617,0.396,59.5187
Attribute 291,float64,10,0.64,324,False,0.1234,0.271,0.0416,4.4203
Attribute 292,float64,0,0.0,354,False,0.0199,0.0255,0.0038,0.6915
Attribute 293,float64,1429,91.19,92,False,0.0145,0.0115,0.0041,0.0831
Attribute 294,float64,1429,91.19,138,False,335.5512,137.6925,82.3233,879.226
Attribute 295,float64,2,0.13,1562,False,401.8148,477.0501,0.0,3933.755
Attribute 296,float64,2,0.13,1561,False,252.9991,283.5307,0.0,2005.8744
Attribute 297,float64,2,0.13,1565,False,1879.2284,1975.1114,0.0,15559.9525
Attribute 298,float64,2,0.13,1559,False,2342.827,3226.9243,0.0,18520.4683
Attribute 299,float64,2,0.13,725,False,0.0638,0.0642,0.0,0.5264
Attribute 300,float64,2,0.13,626,False,0.0603,0.1308,0.0,1.0312
Attribute 301,float64,2,0.13,967,False,0.1184,0.2191,0.0,1.8123
Attribute 302,float64,2,0.13,1134,False,0.9101,0.332,0.31,5.711
Attribute 303,float64,2,0.13,569,False,0.4033,0.1975,0.1118,5.1549
Attribute 304,float64,2,0.13,509,False,0.0403,0.0145,0.0108,0.2258
Attribute 305,float64,2,0.13,1105,False,0.1321,0.0649,0.0138,0.3337
Attribute 306,float64,1,0.06,314,False,0.2649,0.0574,0.1171,0.475
Attribute 307,float64,1,0.06,262,False,0.0486,0.0254,0.0034,0.2246
Attribute 308,float64,1,0.06,286,False,0.1289,0.0275,0.0549,0.2112
Attribute 309,float64,1,0.06,293,False,0.2184,0.0336,0.0913,0.3239
Attribute 310,float64,1,0.06,290,False,0.1289,0.0275,0.0549,0.2112
Attribute 311,float64,1,0.06,310,False,0.3048,0.0435,0.1809,0.4438
Attribute 312,float64,1,0.06,276,False,0.0973,0.0288,0.0328,0.1784
Attribute 313,float64,1,0.06,307,False,0.1601,0.1173,0.0224,0.7549
Attribute 314,float64,24,1.53,1,True,0.0,0.0,0.0,0.0
Attribute 315,float64,24,1.53,1,True,0.0,0.0,0.0,0.0
Attribute 316,float64,1,0.06,1,True,0.0,0.0,0.0,0.0
Attribute 317,float64,1,0.06,1533,False,5.977,1.0186,2.7882,13.0958
Attribute 318,float64,1,0.06,1160,False,0.1726,0.0724,0.0283,1.0034
Attribute 319,float64,1,0.06,1535,False,3.1888,1.2159,0.9848,15.8934
Attribute 320,float64,1,0.06,1550,False,7.916,2.1791,1.6574,20.0455
Attribute 321,float64,1,0.06,550,False,0.0431,0.0319,0.0084,0.9474
Attribute 322,float64,1,0.06,1511,False,2.2637,2.117,0.6114,79.1515
Attribute 323,float64,1,0.06,1,True,0.0,0.0,0.0,0.0
Attribute 324,float64,1,0.06,1536,False,5.3934,2.5189,1.7101,89.1917
Attribute 325,float64,1,0.06,1560,False,13.3322,6.6158,2.2345,51.8678
Attribute 326,float64,1,0.06,1,True,0.0,0.0,0.0,0.0
Attribute 327,float64,4,0.26,1,True,0.0,0.0,0.0,0.0
Attribute 328,float64,4,0.26,1,True,0.0,0.0,0.0,0.0
Attribute 329,float64,4,0.26,1,True,0.0,0.0,0.0,0.0
Attribute 330,float64,4,0.26,1,True,0.0,0.0,0.0,0.0
Attribute 331,float64,4,0.26,1,True,0.0,0.0,0.0,0.0
Attribute 332,float64,4,0.26,313,False,0.0832,0.0634,0.0224,1.0959
Attribute 333,float64,7,0.45,1517,False,2.5935,5.6452,0.5373,174.8944
Attribute 334,float64,6,0.38,1527,False,6.2159,3.4034,2.8372,90.5159
Attribute 335,float64,6,0.38,1145,False,0.1684,0.1729,0.0282,3.4125
Attribute 336,float64,6,0.38,1526,False,3.4269,5.7816,0.7899,172.7119
Attribute 337,float64,7,0.45,1532,False,9.7364,7.5561,5.2151,214.8628
Attribute 338,float64,7,0.45,1517,False,2.3275,1.6994,0.0,38.8995
Attribute 339,float64,7,0.45,1520,False,3.0376,5.645,0.0,196.688
Attribute 340,float64,6,0.38,1543,False,9.329,6.0747,2.2001,197.4988
Attribute 341,float64,6,0.38,761,False,14.6735,261.7385,0.0131,5043.8789
Attribute 342,float64,6,0.38,1517,False,2.7321,3.6679,0.5741,97.7089
Attribute 343,float64,6,0.38,2,False,0.0003,0.0113,0.0,0.4472
Attribute 344,float64,6,0.38,1541,False,6.1985,5.3718,1.2565,156.336
Attribute 345,float64,6,0.38,1551,False,23.2171,8.8952,2.056,59.3241
Attribute 346,float64,794,50.67,767,False,7.9584,17.513,1.7694,257.0106
Attribute 347,float64,794,50.67,762,False,5.7702,17.0775,1.0177,187.7589
Attribute 348,float64,6,0.38,2,False,0.0089,0.3522,0.0,13.9147
Attribute 349,float64,24,1.53,357,False,0.0247,0.0119,0.0103,0.22
Attribute 350,float64,24,1.53,373,False,0.0253,0.0106,0.001,0.1339
Attribute 351,float64,24,1.53,435,False,0.0232,0.0143,0.0029,0.2914
Attribute 352,float64,24,1.53,499,False,0.0276,0.0246,0.002,0.6188
Attribute 353,float64,24,1.53,354,False,0.0234,0.0132,0.0056,0.1429
Attribute 354,float64,24,1.53,563,False,0.0403,0.0155,0.0026,0.1535
Attribute 355,float64,24,1.53,486,False,0.0419,0.0131,0.004,0.1344
Attribute 356,float64,24,1.53,572,False,0.0345,0.0223,0.0038,0.2789
Attribute 357,float64,1,0.06,1473,False,1.2986,0.3869,0.3796,2.8348
Attribute 358,float64,12,0.77,28,False,0.001,0.0005,0.0003,0.0052
Attribute 359,float64,1341,85.58,20,False,0.0024,0.0004,0.0017,0.0047
Attribute 360,float64,0,0.0,215,False,0.0198,0.0071,0.0076,0.0888
Attribute 361,float64,0,0.0,97,False,0.0029,0.02,0.0001,0.409
Attribute 362,float64,0,0.0,972,False,39.9364,17.0563,10.7204,547.1722
Attribute 363,float64,51,3.25,389,False,0.0184,0.0216,0.0028,0.4163
Attribute 364,float64,51,3.25,1516,False,333.3196,138.8019,60.9882,1072.2031
Attribute 365,float64,6,0.38,1,True,0.0,0.0,0.0,0.0
Attribute 366,float64,2,0.13,120,False,0.0052,0.0027,0.0017,0.0368
Attribute 367,float64,2,0.13,107,False,0.0048,0.0024,0.002,0.0392
Attribute 368,float64,6,0.38,113,False,0.0038,0.0027,0.0,0.0357
Attribute 369,float64,6,0.38,97,False,0.0032,0.0021,0.0,0.0334
Attribute 370,float64,6,0.38,1,True,0.0,0.0,0.0,0.0
Attribute 371,float64,6,0.38,1,True,0.0,0.0,0.0,0.0
Attribute 372,float64,6,0.38,1,True,0.0,0.0,0.0,0.0
Attribute 373,float64,6,0.38,1,True,0.0,0.0,0.0,0.0
Attribute 374,float64,6,0.38,1,True,0.0,0.0,0.0,0.0
Attribute 375,float64,6,0.38,1,True,0.0,0.0,0.0,0.0
Attribute 376,float64,6,0.38,1,True,0.0,0.0,0.0,0.0
Attribute 377,float64,2,0.13,36,False,0.0016,0.0005,0.0004,0.0082
Attribute 378,float64,2,0.13,31,False,0.0016,0.0005,0.0004,0.0077
Attribute 379,float64,6,0.38,1,True,0.0,0.0,0.0,0.0
Attribute 380,float64,6,0.38,1,True,0.0,0.0,0.0,0.0
Attribute 381,float64,6,0.38,1,True,0.0,0.0,0.0,0.0
Attribute 382,float64,6,0.38,1,True,0.0,0.0,0.0,0.0
Attribute 383,float64,1018,64.96,29,False,0.0018,0.0267,0.0001,0.6271
Attribute 384,float64,1018,64.96,525,False,0.541,1.341,0.0875,30.9982
Attribute 385,float64,1018,64.96,536,False,1.2854,3.1684,0.3383,74.8445
Attribute 386,float64,715,45.63,232,False,0.0114,0.0144,0.0,0.2073
Attribute 387,float64,0,0.0,191,False,0.0083,0.0155,0.0008,0.3068
Attribute 388,float64,0,0.0,22,False,0.0003,0.005,0.0,0.1309
Attribute 389,float64,0,0.0,1564,False,35.1551,17.227,6.3101,348.8293
Attribute 390,float64,0,0.0,92,False,0.0013,0.0118,0.0001,0.3127
Attribute 391,float64,0,0.0,1458,False,1.4319,20.3264,0.3046,805.3936
Attribute 392,float64,24,1.53,183,False,0.011,0.0067,0.0031,0.1375
Attribute 393,float64,0,0.0,109,False,0.0045,0.003,0.0005,0.0229
Attribute 394,float64,0,0.0,953,False,0.134,0.0384,0.0342,0.2994
Attribute 395,float64,9,0.57,1,True,0.0,0.0,0.0,0.0
Attribute 396,float64,9,0.57,1,True,0.0,0.0,0.0,0.0
Attribute 397,float64,9,0.57,1,True,0.0,0.0,0.0,0.0
Attribute 398,float64,9,0.57,1,True,0.0,0.0,0.0,0.0
Attribute 399,float64,9,0.57,1,True,0.0,0.0,0.0,0.0
Attribute 400,float64,9,0.57,1,True,0.0,0.0,0.0,0.0
Attribute 401,float64,9,0.57,1,True,0.0,0.0,0.0,0.0
Attribute 402,float64,9,0.57,1,True,0.0,0.0,0.0,0.0
Attribute 403,float64,9,0.57,1,True,0.0,0.0,0.0,0.0
Attribute 404,float64,9,0.57,1,True,0.0,0.0,0.0,0.0
Attribute 405,float64,9,0.57,1,True,0.0,0.0,0.0,0.0
Attribute 406,float64,8,0.51,228,False,0.0242,0.0107,0.0062,0.0514
Attribute 407,float64,8,0.51,335,False,6.7306,2.8296,2.0545,14.7277
Attribute 408,float64,8,0.51,331,False,1.232,0.3647,0.424,3.3128
Attribute 409,float64,5,0.32,593,False,5.3409,2.5781,2.7378,44.31
Attribute 410,float64,6,0.38,1548,False,4.5804,1.7768,1.2163,9.5765
Attribute 411,float64,7,0.45,1545,False,4.9293,2.123,0.7342,13.8071
Attribute 412,float64,14,0.89,509,False,2.6161,0.5515,0.9609,6.215
Attribute 413,float64,14,0.89,518,False,30.9113,18.4136,0.0,128.2816
Attribute 414,float64,14,0.89,518,False,25.6127,47.3085,4.0416,899.119
Attribute 415,float64,14,0.89,1,True,0.0,0.0,0.0,0.0
Attribute 416,float64,14,0.89,513,False,6.6306,3.9584,1.534,116.8615
Attribute 417,float64,9,0.57,510,False,3.4043,1.0354,0.0,9.69
Attribute 418,float64,2,0.13,1551,False,8.1909,4.0545,2.1531,39.0376
Attribute 419,float64,2,0.13,1051,False,320.2592,287.7045,0.0,999.316
Attribute 420,float64,2,0.13,851,False,309.0613,325.4484,0.0,998.6813
Attribute 421,float64,2,0.13,1514,False,1.8213,3.0577,0.4411,111.4956
Attribute 422,float64,2,0.13,1534,False,4.1745,6.9139,0.7217,273.0952
Attribute 423,float64,3,0.19,1,True,0.0,0.0,0.0,0.0
Attribute 424,float64,3,0.19,1563,False,77.6604,32.5969,23.02,424.2152
Attribute 425,float64,3,0.19,1529,False,3.3155,6.3254,0.4866,103.1809
Attribute 426,float64,3,0.19,1540,False,6.7963,23.2577,1.4666,898.6085
Attribute 427,float64,3,0.19,1481,False,1.2339,0.9956,0.3632,24.9904
Attribute 428,float64,3,0.19,1538,False,4.0585,3.0421,0.6637,113.223
Attribute 429,float64,10,0.64,404,False,4.2207,10.6327,1.1198,118.7533
Attribute 430,float64,0,0.0,1542,False,4.1718,6.4354,0.7837,186.6164
Attribute 431,float64,2,0.13,1551,False,18.4216,36.0601,0.0,400.0
Attribute 432,float64,2,0.13,1553,False,22.3583,36.3954,0.0,400.0
Attribute 433,float64,2,0.13,1503,False,99.3676,126.1887,0.0,994.2857
Attribute 434,float64,2,0.13,1371,False,205.5193,225.7789,0.0,995.7447
Attribute 435,float64,2,0.13,1537,False,14.7339,34.1089,0.0,400.0
Attribute 436,float64,2,0.13,1524,False,9.3707,34.3698,0.0,400.0
Attribute 437,float64,2,0.13,1539,False,7.5133,34.5578,0.0,400.0
Attribute 438,float64,2,0.13,1495,False,4.0168,1.6113,1.1568,32.274
Attribute 439,float64,2,0.13,967,False,54.7011,34.1081,0.0,851.6129
Attribute 440,float64,2,0.13,1550,False,70.6439,38.3762,14.1206,657.7621
Attribute 441,float64,2,0.13,1557,False,11.5266,6.1695,1.0973,33.058
Attribute 442,float64,1,0.06,325,False,0.8021,0.1842,0.3512,1.2771
Attribute 443,float64,1,0.06,335,False,1.3453,0.6592,0.0974,5.1317
Attribute 444,float64,1,0.06,330,False,0.6339,0.1436,0.2169,1.0851
Attribute 445,float64,1,0.06,325,False,0.895,0.1555,0.3336,1.3511
Attribute 446,float64,1,0.06,329,False,0.6471,0.1413,0.3086,1.1087
Attribute 447,float64,1,0.06,338,False,1.175,0.1762,0.6968,1.7639
Attribute 448,float64,1,0.06,317,False,0.2819,0.0865,0.0846,0.5085
Attribute 449,float64,1,0.06,326,False,0.3323,0.2363,0.0399,1.4754
Attribute 450,float64,24,1.53,1,True,0.0,0.0,0.0,0.0
Attribute 451,float64,24,1.53,1,True,0.0,0.0,0.0,0.0
Attribute 452,float64,1,0.06,1,True,0.0,0.0,0.0,0.0
Attribute 453,float64,1,0.06,1518,False,5.3468,0.9192,2.6709,13.9776
Attribute 454,float64,1,0.06,1550,False,5.461,2.2508,0.9037,34.4902
Attribute 455,float64,1,0.06,1555,False,7.8837,3.0597,2.3294,42.0703
Attribute 456,float64,1,0.06,1527,False,3.6366,0.9384,0.6948,10.184
Attribute 457,float64,1,0.06,1551,False,12.3257,8.1259,3.0489,232.1258
Attribute 458,float64,1,0.06,1547,False,5.2637,4.5377,1.4428,164.1093
Attribute 459,float64,1,0.06,1,True,0.0,0.0,0.0,0.0
Attribute 460,float64,1,0.06,1518,False,2.8384,1.3456,0.991,47.7772
Attribute 461,float64,1,0.06,1564,False,29.1974,13.3352,7.9534,149.3851
Attribute 462,float64,1,0.06,1,True,0.0,0.0,0.0,0.0
Attribute 463,float64,4,0.26,1,True,0.0,0.0,0.0,0.0
Attribute 464,float64,4,0.26,1,True,0.0,0.0,0.0,0.0
Attribute 465,float64,4,0.26,1,True,0.0,0.0,0.0,0.0
Attribute 466,float64,4,0.26,1,True,0.0,0.0,0.0,0.0
Attribute 467,float64,4,0.26,1,True,0.0,0.0,0.0,0.0
Attribute 468,float64,4,0.26,417,False,6.2521,8.6737,1.7163,109.0074
Attribute 469,float64,7,0.45,1317,False,224.173,230.7669,0.0,999.877
Attribute 470,float64,6,0.38,1514,False,5.6623,3.1517,2.6009,77.8007
Attribute 471,float64,6,0.38,1547,False,5.3678,4.9834,0.8325,87.1347
Attribute 472,float64,6,0.38,1552,False,9.6388,10.1741,2.4026,212.6557
Attribute 473,float64,7,0.45,1560,False,137.8884,47.698,11.4997,492.7718
Attribute 474,float64,7,0.45,1558,False,39.4268,22.4571,0.0,358.9504
Attribute 475,float64,7,0.45,1559,False,37.637,24.8229,0.0,415.4355
Attribute 476,float64,6,0.38,1526,False,4.2626,2.6112,1.1011,79.1162
Attribute 477,float64,6,0.38,1559,False,20.1322,14.9396,0.0,274.8871
Attribute 478,float64,6,0.38,1537,False,6.2579,10.185,1.6872,289.8264
Attribute 479,float64,6,0.38,2,False,0.1281,5.0621,0.0,200.0
Attribute 480,float64,6,0.38,1507,False,3.2834,2.6386,0.6459,63.3336
Attribute 481,float64,6,0.38,1560,False,75.5381,35.7525,8.8406,221.9747
Attribute 482,float64,6,0.38,1,True,0.0,0.0,0.0,0.0
Attribute 483,float64,24,1.53,1062,False,318.4184,281.0113,0.0,999.4135
Attribute 484,float64,24,1.53,1402,False,206.5642,192.8644,0.0,989.4737
Attribute 485,float64,24,1.53,1324,False,215.2889,213.1266,0.0,996.8586
Attribute 486,float64,24,1.53,1358,False,201.1117,218.69,0.0,994.0
Attribute 487,float64,24,1.53,1039,False,302.5062,287.3641,0.0,999.4911
Attribute 488,float64,24,1.53,1199,False,239.4553,263.8376,0.0,995.7447
Attribute 489,float64,24,1.53,1314,False,352.6165,252.0438,0.0,997.5186
Attribute 490,float64,24,1.53,1344,False,272.1697,228.0467,0.0,994.0035
Attribute 491,float64,1,0.06,1562,False,51.354,18.0486,13.7225,142.8436
Attribute 492,float64,12,0.77,472,False,2.4427,1.2243,0.5558,12.7698
Attribute 493,float64,1341,85.58,226,False,8.1709,1.7593,4.8882,21.0443
Attribute 494,float64,0,0.0,572,False,2.53,0.9739,0.833,9.4024
Attribute 495,float64,0,0.0,894,False,0.9564,6.6152,0.0342,127.5728
Attribute 496,float64,0,0.0,964,False,6.8078,3.26,1.772,107.6926
Attribute 497,float64,51,3.25,1510,False,29.8659,24.6216,4.8135,219.6436
Attribute 498,float64,51,3.25,1509,False,11.821,4.9566,1.9496,40.2818
Attribute 499,float64,6,0.38,1,True,0.0,0.0,0.0,0.0
Attribute 500,float64,2,0.13,703,False,263.1959,324.7713,0.0,1000.0
Attribute 501,float64,2,0.13,648,False,240.9814,323.0034,0.0,999.2337
Attribute 502,float64,6,0.38,1,True,0.0,0.0,0.0,0.0
Attribute 503,float64,6,0.38,1,True,0.0,0.0,0.0,0.0
Attribute 504,float64,6,0.38,1,True,0.0,0.0,0.0,0.0
Attribute 505,float64,6,0.38,1,True,0.0,0.0,0.0,0.0
Attribute 506,float64,6,0.38,1,True,0.0,0.0,0.0,0.0
Attribute 507,float64,6,0.38,1,True,0.0,0.0,0.0,0.0
Attribute 508,float64,6,0.38,1,True,0.0,0.0,0.0,0.0
Attribute 509,float64,6,0.38,1,True,0.0,0.0,0.0,0.0
Attribute 510,float64,6,0.38,1,True,0.0,0.0,0.0,0.0
Attribute 511,float64,2,0.13,1498,False,55.7635,37.6917,0.0,451.4851
Attribute 512,float64,2,0.13,586,False,275.9795,329.6647,0.0,1000.0
Attribute 513,float64,6,0.38,1,True,0.0,0.0,0.0,0.0
Attribute 514,float64,6,0.38,1,True,0.0,0.0,0.0,0.0
Attribute 515,float64,6,0.38,1,True,0.0,0.0,0.0,0.0
Attribute 516,float64,6,0.38,1,True,0.0,0.0,0.0,0.0
Attribute 517,float64,1018,64.96,498,False,0.6789,10.7839,0.0287,252.8604
Attribute 518,float64,1018,64.96,543,False,1.7389,4.8907,0.288,113.2758
Attribute 519,float64,1018,64.96,542,False,1.8063,4.7159,0.4674,111.3495
Attribute 520,float64,715,45.63,836,False,11.7284,15.8144,0.0,184.3488
Attribute 521,float64,0,0.0,1536,False,2.696,5.7024,0.3121,111.7365
Attribute 522,float64,0,0.0,9,False,11.6101,103.123,0.0,1000.0
Attribute 523,float64,0,0.0,1562,False,14.7289,7.1044,2.6811,137.9838
Attribute 524,float64,0,0.0,1040,False,0.4539,4.1476,0.0258,111.333
Attribute 525,float64,0,0.0,1543,False,5.6878,20.6634,1.3104,818.0005
Attribute 526,float64,24,1.53,1526,False,5.5604,3.9204,1.54,80.0406
Attribute 527,float64,0,0.0,1514,False,1.4435,0.9584,0.1705,8.2037
Attribute 528,float64,0,0.0,1549,False,6.3957,1.8887,2.17,14.4479
Attribute 529,float64,9,0.57,1,True,0.0,0.0,0.0,0.0
Attribute 530,float64,9,0.57,1,True,0.0,0.0,0.0,0.0
Attribute 531,float64,9,0.57,1,True,0.0,0.0,0.0,0.0
Attribute 532,float64,9,0.57,1,True,0.0,0.0,0.0,0.0
Attribute 533,float64,9,0.57,1,True,0.0,0.0,0.0,0.0
Attribute 534,float64,9,0.57,1,True,0.0,0.0,0.0,0.0
Attribute 535,float64,9,0.57,1,True,0.0,0.0,0.0,0.0
Attribute 536,float64,9,0.57,1,True,0.0,0.0,0.0,0.0
Attribute 537,float64,9,0.57,1,True,0.0,0.0,0.0,0.0
Attribute 538,float64,9,0.57,1,True,0.0,0.0,0.0,0.0
Attribute 539,float64,9,0.57,1,True,0.0,0.0,0.0,0.0
Attribute 540,float64,8,0.51,333,False,3.0342,1.2529,0.8516,6.5803
Attribute 541,float64,8,0.51,336,False,1.9428,0.7319,0.6144,4.0825
Attribute 542,float64,8,0.51,336,False,9.6116,2.8964,3.2761,25.7792
Attribute 543,float64,2,0.13,102,False,0.1112,0.0027,0.1053,0.1184
Attribute 544,float64,2,0.13,71,False,0.0085,0.0015,0.0051,0.024
Attribute 545,float64,2,0.13,21,False,0.0025,0.0003,0.0016,0.0047
Attribute 546,float64,2,0.13,273,False,7.6114,1.3155,4.4294,21.0443
Attribute 547,float64,260,16.59,1047,False,1.0396,0.3891,0.4444,3.9786
Attribute 548,float64,260,16.59,1023,False,403.5465,5.0639,372.822,421.702
Attribute 549,float64,260,16.59,964,False,75.6799,3.3905,71.038,83.72
Attribute 550,float64,260,16.59,1048,False,0.6633,0.6733,0.0446,7.0656
Attribute 551,float64,260,16.59,747,False,17.0133,4.967,6.11,131.68
Attribute 552,float64,260,16.59,213,False,1.2307,1.3611,0.12,39.33
Attribute 553,float64,260,16.59,973,False,0.2767,0.2762,0.0187,2.7182
Attribute 554,float64,260,16.59,1077,False,7.7039,2.1926,2.786,56.9303
Attribute 555,float64,260,16.59,1000,False,0.5037,0.5989,0.052,17.4781
Attribute 556,float64,260,16.59,1085,False,57.7465,35.2076,4.8269,303.55
Attribute 557,float64,260,16.59,1070,False,4.2169,1.28,1.4967,35.3198
Attribute 558,float64,260,16.59,1062,False,1.6231,1.8704,0.1646,54.2917
Attribute 559,float64,1,0.06,365,False,0.995,0.0839,0.8919,1.5121
Attribute 560,float64,1,0.06,399,False,0.3257,0.2014,0.0699,1.0737
Attribute 561,float64,1,0.06,345,False,0.0724,0.0516,0.0177,0.4457
Attribute 562,float64,1,0.06,414,False,32.285,19.0261,7.2369,101.1146
Attribute 563,float64,273,17.42,873,False,262.7297,7.6306,242.286,311.404
Attribute 564,float64,273,17.42,785,False,0.6796,0.1218,0.3049,1.2988
Attribute 565,float64,273,17.42,581,False,6.445,2.6336,0.97,32.58
Attribute 566,float64,273,17.42,753,False,0.1456,0.0811,0.0224,0.6892
Attribute 567,float64,273,17.42,887,False,2.6109,1.0328,0.4122,14.0141
Attribute 568,float64,273,17.42,619,False,0.0601,0.0328,0.0091,0.2932
Attribute 569,float64,273,17.42,887,False,2.4524,0.9966,0.3706,12.7462
Attribute 570,float64,273,17.42,897,False,21.1177,10.2133,3.2504,84.8024
Attribute 571,float64,0,0.0,814,False,530.5236,17.4997,317.1964,589.5082
Attribute 572,float64,0,0.0,811,False,2.1018,0.2751,0.9802,2.7395
Attribute 573,float64,0,0.0,518,False,28.4502,86.3047,3.54,454.56
Attribute 574,float64,0,0.0,754,False,0.3456,0.2485,0.0667,2.1967
Attribute 575,float64,0,0.0,830,False,9.1623,26.9202,1.0395,170.0204
Attribute 576,float64,0,0.0,599,False,0.1047,0.0678,0.023,0.5502
Attribute 577,float64,0,0.0,820,False,5.5637,16.9214,0.6636,90.4235
Attribute 578,float64,0,0.0,851,False,16.6424,12.4853,4.582,96.9601
Attribute 579,float64,949,60.56,322,False,0.0216,0.0117,-0.0169,0.1028
Attribute 580,float64,949,60.56,260,False,0.0168,0.0096,0.0032,0.0799
Attribute 581,float64,949,60.56,120,False,0.0054,0.0031,0.001,0.0286
Attribute 582,float64,949,60.56,611,False,97.9344,87.521,0.0,737.3048
Attribute 583,float64,1,0.06,171,False,0.5001,0.0034,0.4778,0.5098
Attribute 584,float64,1,0.06,227,False,0.0153,0.0172,0.006,0.4766
Attribute 585,float64,1,0.06,68,False,0.0038,0.0037,0.0017,0.1045
Attribute 586,float64,1,0.06,1502,False,3.0678,3.578,1.1975,99.3032
Attribute 587,float64,1,0.06,322,False,0.0215,0.0124,-0.0169,0.1028
Attribute 588,float64,1,0.06,260,False,0.0165,0.0088,0.0032,0.0799
Attribute 589,float64,1,0.06,120,False,0.0053,0.0029,0.001,0.0286
Attribute 590,float64,1,0.06,611,False,99.6701,93.8919,0.0,737.3048
